id,name,major,extension,
1,User1,9nK9qsejh8OurM,Kt8PKg6B,
2,User2,JRtKlT4CiZjEz,AzbkO763Et,
3,User3,bQPikXDBS8VLK,fPbRU,
4,User4,VvAGuUJTZuWDWc,LZSTWh3i7P,
5,User5,IbNJD8gk,JGOwvVyNVh47X,
6,User6,nRZssF2e60j,s7hdvYkjeu,
7,User7,E33z3X,Msp5tS3qR3f,
8,User8,WjglnWC,hRVzeT,
9,User9,Rwi1we5QpqdUP,RPBHeypwCs,
10,User10,k4crJBx9uZMft,8q14ZpmO,
11,User11,eCxjIB7j,TcVFiVXyH,
12,User12,poNJY2G3fpESv,5vntI2UhBbyZm2,
13,User13,fZKhR,xV3USU,
14,User14,DHY4U,oEdN51,
15,User15,oaR2qu,Gqydkn,
16,User16,YyoRz7KA9fPJ,lg5rtaQYArHA2X,
17,User17,jdh8V0WVqE3C,cm9P6hJ,
18,User18,KyU9ztLyvkOX,wVGqTAruHgb,
19,User19,W2h6CvwY,tfEZyCvAReu6,
20,User20,sGcPq7kuiGU0,Go0kZfzA,
21,User21,RLWBgf0Oqfb,3Ad4URnoVXVm3M,
22,User22,EwI9t,JSTfHMY,
23,User23,KabYpE,orxn1rp4,
24,User24,8xu3l6,xdpvYzdD,
25,User25,YzRj2iznvUza0H,1wEqx,
26,User26,cUrZ9zFfQi5,RSYoRBN8yR8K,
27,User27,agyjswhb9mXgk,veVEP,
28,User28,v0DWj3mNvM7,dc8ANx5NJ,
29,User29,SpcgbMzKfZR4,6zl3lQB8z,
30,User30,sggDlA04BLb4,LxFI1,
31,User31,dUWDh,U9ji7,
32,User32,S7Cl3P6,RNCBPAmWyw,
33,User33,ioIgOQQAV,QfHBGTWGRCcVG9,
34,User34,hmJQdeeWW,ctJLFNaKEig2Uc,
35,User35,lDGht8ZYh91,t7seMWU8q5Urk,
36,User36,AxhH8501L9P,nzuBAvOV3J3a,
37,User37,6e504yo,aKXIq,
38,User38,69APBmQX,IIaO9Eve,
39,User39,uHC9P,xGFnTYr,
40,User40,Qwd1q5KLXldG,fmm6WgWpjjJ,
41,User41,Bhb1XEFu,3x74vPQ,
42,User42,Rgpz9vlZuC,oWdmsoK8wE,
43,User43,TwgdGUKfZji8,w1fESN9mQ,
44,User44,ywAj9HR8o9,pvtCwy,
45,User45,lDKTKFQaT,fq6k2sl3y,
46,User46,qgEPB,UgZU3V1kDE,
47,User47,7hmUpFvvx,mNQcr,
48,User48,FHe0ZIsL,ipWpYFxFDB,
49,User49,k6RubGp6CEn,gTEw5nUqgp,
50,User50,WRXHzfNvJ,TdGqrk,
